date,CHF,EUR,GBP,USD
2020-10-05,4.1737,4.4944,4.9541,3.8252
2020-10-06,4.1729,4.4961,4.9598,3.818
2020-10-07,4.1555,4.4832,4.9204,3.8126
2020-10-08,4.1603,4.49,4.946,3.8175
2020-10-09,4.1536,4.4745,4.9089,3.7913
2020-10-12,4.164,4.4798,4.9364,3.7927
2020-10-13,4.1664,4.4737,4.9554,3.7932
2020-10-14,4.1883,4.4963,4.9429,3.8301
2020-10-15,4.25,4.5545,5.037,3.8904
2020-10-16,4.2571,4.5621,5.0407,3.8976
2020-10-19,4.2448,4.5498,5.0374,3.8761
2020-10-20,4.281,4.5865,5.0451,3.8926
2020-10-21,4.2802,4.5869,5.0472,3.8706
2020-10-22,4.2714,4.5877,5.0766,3.8734
2020-10-23,4.2732,4.5772,5.0608,3.8665
2020-10-26,4.2734,4.5774,5.0579,3.8759
2020-10-27,4.2742,4.589,5.0607,3.886
2020-10-28,4.3113,4.6189,5.0998,3.9313
2020-10-29,4.3329,4.633,5.1404,3.9505
2020-10-30,4.3197,4.6188,5.1269,3.9563
2020-11-02,4.3124,4.6048,5.1076,3.9557
2020-11-03,4.2675,4.5699,5.076,3.9069
2020-11-04,4.2595,4.5532,5.0585,3.8996
2020-11-05,4.2248,4.5233,5.0042,3.8353
2020-11-06,4.2368,4.5277,5.0196,3.8194
2020-11-09,4.1976,4.487,4.9602,3.7787
2020-11-10,4.1669,4.5063,5.0567,3.8168
2020-11-12,4.1573,4.4868,5.0087,3.7995
2020-11-13,4.1605,4.496,5.0072,3.8015
2020-11-16,4.1463,4.4753,4.9761,3.7782
2020-11-17,4.1594,4.4953,5.0092,3.7877
2020-11-18,4.1356,4.4729,5.0013,3.7621
2020-11-19,4.1448,4.4799,5.0027,3.7872
2020-11-20,4.1356,4.4679,5.0016,3.7677
2020-11-23,4.1307,4.468,5.0273,3.7616
2020-11-24,4.1297,4.4714,5.0283,3.7625
2020-11-25,4.1171,4.471,5.0101,3.7556
2020-11-26,4.1353,4.4742,5.0221,3.7586
2020-11-27,4.1477,4.4843,5.0239,3.7614
2020-11-30,4.1364,4.4779,4.9793,3.7364
2020-12-01,4.1226,4.4769,4.9904,3.7367
2020-12-02,4.1112,4.4642,4.9426,3.7038
2020-12-03,4.1362,4.4789,4.9562,3.6981
2020-12-04,4.1241,4.4732,4.9565,3.6765
2020-12-07,4.1417,4.4745,4.9089,3.7001
2020-12-08,4.1503,4.4767,4.927,3.6914
2020-12-09,4.1273,4.4449,4.9289,3.6657
2020-12-10,4.1139,4.4276,4.8708,3.6574
2020-12-11,4.1286,4.4385,4.8418,3.663
2020-12-14,4.1273,4.4432,4.9004,3.6548
2020-12-15,4.1254,4.4441,4.8684,3.6554
2020-12-16,4.1144,4.4347,4.9108,3.6334
2020-12-17,4.1084,4.4348,4.9251,3.6254
2020-12-18,4.1043,4.4493,4.9012,3.6322
2020-12-21,4.1729,4.5149,4.9024,3.7082
2020-12-22,4.1625,4.5069,4.9515,3.6921
2020-12-23,4.1517,4.5019,4.9542,3.6919
2020-12-24,4.1604,4.5084,5.0286,3.6981
2020-12-28,4.1223,4.4879,4.9656,3.6639
2020-12-29,4.1531,4.5051,4.955,3.6778
2020-12-30,4.1708,4.5272,5.0102,3.6901
2020-12-31,4.2641,4.6148,5.1327,3.7584
2021-01-04,4.2055,4.5485,5.0589,3.6998
2021-01-05,4.2078,4.5446,5.0261,3.7031
2021-01-07,4.1505,4.4973,4.9832,3.6656
2021-01-08,4.1674,4.5189,5.0216,3.6919
2021-01-11,4.1896,4.5325,5.0288,3.7271
2021-01-12,4.1787,4.5228,5.0588,3.7188
2021-01-13,4.1855,4.5272,5.0845,3.7142
2021-01-14,4.2065,4.5407,5.0953,3.7323
2021-01-15,4.2219,4.548,5.1104,3.7466
2021-01-18,4.2291,4.5473,5.1002,3.7699
2021-01-19,4.213,4.5342,5.0897,3.7416
2021-01-20,4.1974,4.5237,5.1069,3.7303
2021-01-21,4.2053,4.531,5.1244,3.7312
2021-01-22,4.2102,4.5354,5.092,3.7255
2021-01-25,4.216,4.5436,5.1141,3.7402
2021-01-26,4.2183,4.5497,5.1235,3.7512
2021-01-27,4.2215,4.5468,5.1516,3.7507
2021-01-28,4.2218,4.5479,5.127,3.7566
2021-01-29,4.2115,4.5385,5.119,3.746
2021-02-01,4.171,4.5137,5.124,3.7323
2021-02-02,4.1634,4.5025,5.1069,3.7311
2021-02-03,4.1555,4.4906,5.0937,3.7352
2021-02-04,4.1572,4.4958,5.0955,3.7509
2021-02-05,4.159,4.4978,5.1412,3.7554
2021-02-08,4.1396,4.4867,5.113,3.7301
2021-02-09,4.1378,4.4773,5.0954,3.6972
2021-02-10,4.1469,4.4809,5.1152,3.6973
2021-02-11,4.1698,4.5023,5.1346,3.7117
2021-02-12,4.1676,4.5029,5.1274,3.7186
2021-02-15,4.1486,4.4836,5.1353,3.6949
2021-02-16,4.1568,4.4891,5.1451,3.694
2021-02-17,4.1667,4.4998,5.1769,3.7287
2021-02-18,4.1436,4.4857,5.1732,3.7152
2021-02-19,4.1377,4.4892,5.1755,3.6997
2021-02-22,4.1288,4.4963,5.2037,3.7135
2021-02-23,4.1258,4.5093,5.2294,3.7117
2021-02-24,4.0959,4.5176,5.2607,3.7145
2021-02-25,4.077,4.5143,5.2367,3.6943
2021-02-26,4.1205,4.5175,5.1946,3.7247
2021-03-01,4.1211,4.5231,5.2396,3.7572
2021-03-02,4.112,4.5345,5.2367,3.7765
2021-03-03,4.0981,4.5393,5.245,3.7509
2021-03-04,4.1003,4.554,5.2717,3.7851
2021-03-05,4.1313,4.5793,5.3056,3.8393
2021-03-08,4.1416,4.5903,5.3478,3.8665
2021-03-09,4.1266,4.5844,5.3506,3.8507
2021-03-10,4.1334,4.5718,5.3434,3.842
2021-03-11,4.1387,4.5805,5.3411,3.8287
2021-03-12,4.1373,4.5909,5.3591,3.8521
2021-03-15,4.1355,4.5836,5.3553,3.8429
2021-03-16,4.1521,4.5949,5.3262,3.8519
2021-03-17,4.1754,4.6065,5.3758,3.8676
2021-03-18,4.1837,4.6224,5.4038,3.8705
2021-03-19,4.182,4.6226,5.4116,3.8865
2021-03-22,4.1828,4.6138,5.3711,3.8768
2021-03-23,4.1704,4.6073,5.3375,3.8746
2021-03-24,4.1825,4.6273,5.3684,3.9098
2021-03-25,4.1943,4.6358,5.378,3.9253
2021-03-26,4.1814,4.6353,5.4211,3.9307
2021-03-29,4.2164,4.656,5.4645,3.957
2021-03-30,4.204,4.6519,5.4549,3.9604
2021-03-31,4.2119,4.6603,5.4679,3.9676
2021-04-01,4.1644,4.6239,5.4316,3.9428
2021-04-02,4.1428,4.5933,5.3937,3.8986
2021-04-06,4.1553,4.6041,5.3994,3.8973
2021-04-07,4.1547,4.5897,5.3406,3.8611
2021-04-08,4.1353,4.5581,5.2658,3.8365
2021-04-09,4.1265,4.5414,5.2393,3.8208
2021-04-12,4.1222,4.533,5.2411,3.8144
2021-04-13,4.1473,4.5627,5.2727,3.8342
2021-04-14,4.1413,4.5552,5.2513,3.8065
2021-04-15,4.1198,4.5546,5.2376,3.8014
2021-04-16,4.1279,4.5481,5.2235,3.7978
2021-04-19,4.1348,4.5474,5.2474,3.7816
2021-04-20,4.1257,4.5541,5.2755,3.7737
2021-04-21,4.1325,4.5567,5.2862,3.795
2021-04-22,4.1354,4.5562,5.2655,3.7885
2021-04-23,4.1354,4.5649,5.2521,3.7855
2021-04-26,4.1189,4.5565,5.2359,3.7657
2021-04-27,4.1258,4.5613,5.2426,3.7826
2021-04-28,4.1415,4.5811,5.2662,3.7939
2021-04-29,4.1509,4.5782,5.2681,3.7786
2021-04-30,4.1502,4.5654,5.2491,3.7746
2021-05-04,4.145,4.5539,5.2622,3.794
2021-05-05,4.1655,4.5752,5.2984,3.8136
2021-05-06,4.1809,4.5829,5.2908,3.8066
2021-05-07,4.1723,4.5764,5.272,3.7861
2021-05-10,4.1651,4.5631,5.2823,3.7493
2021-05-11,4.1592,4.5628,5.305,3.7514
2021-05-12,4.1413,4.5453,5.2969,3.7456
2021-05-13,4.1472,4.5447,5.2861,3.7675
2021-05-14,4.1413,4.5316,5.2571,3.7374
2021-05-17,4.1347,4.5298,5.2602,3.7288
2021-05-18,4.1301,4.5272,5.2657,3.705
2021-05-19,4.1193,4.5306,5.2596,3.7087
2021-05-20,4.1113,4.5189,5.232,3.7077
2021-05-21,4.0999,4.4958,5.2249,3.6778
2021-05-24,4.0935,4.4877,5.2022,3.6795
2021-05-25,4.0902,4.4806,5.185,3.6549
2021-05-26,4.0993,4.4914,5.1945,3.6691
2021-05-27,4.1087,4.498,5.2124,3.6929
2021-05-28,4.0941,4.4845,5.22,3.6766
2021-05-31,4.0815,4.4805,5.2044,3.6724
2021-06-01,4.0709,4.4749,5.1919,3.659
2021-06-02,4.0707,4.4654,5.1821,3.6659
2021-06-04,4.0838,4.4734,5.2174,3.6931
2021-06-07,4.0756,4.4581,5.1838,3.6656
2021-06-08,4.0901,4.4674,5.1889,3.669
2021-06-09,4.0775,4.4541,5.1837,3.6545
2021-06-10,4.1084,4.48,5.1876,3.6821
2021-06-11,4.1043,4.4723,5.204,3.6759
2021-06-14,4.136,4.5027,5.2369,3.7185
2021-06-15,4.1601,4.5306,5.2617,3.7349
2021-06-16,4.1567,4.5285,5.2657,3.7336
2021-06-17,4.1505,4.5309,5.2999,3.7931
2021-06-18,4.158,4.5503,5.3015,3.8198
2021-06-21,4.1486,4.5442,5.2883,3.8214
2021-06-22,4.1451,4.5366,5.2883,3.8132
2021-06-23,4.1231,4.52,5.2915,3.7878
2021-06-24,4.1296,4.5302,5.3072,3.7986
2021-06-25,4.1175,4.5085,5.2516,3.7749
2021-06-28,4.1139,4.5092,5.2585,3.7762
2021-06-29,4.1161,4.5123,5.2459,3.7914
2021-06-30,4.1212,4.5208,5.2616,3.8035
2021-07-01,4.1167,4.5187,5.2574,3.8149
2021-07-02,4.1317,4.5257,5.2631,3.8263
2021-07-05,4.1207,4.5083,5.2606,3.7979
2021-07-06,4.1172,4.5036,5.2683,3.8021
2021-07-07,4.1402,4.5197,5.2671,3.8225
2021-07-08,4.1858,4.5414,5.2955,3.8408
2021-07-09,4.1965,4.5467,5.2942,3.8427
2021-07-12,4.1965,4.5559,5.3192,3.8378
2021-07-13,4.2087,4.5662,5.3412,3.8533
2021-07-14,4.2384,4.5904,5.3941,3.8955
2021-07-15,4.2349,4.5777,5.349,3.8629
2021-07-16,4.2219,4.5865,5.3788,3.8808
2021-07-19,4.2297,4.5877,5.3432,3.8968
2021-07-20,4.2477,4.5983,5.3307,3.9012
2021-07-21,4.2379,4.5983,5.3203,3.9035
2021-07-22,4.2279,4.5773,5.3286,3.8801
2021-07-23,4.2208,4.5747,5.3349,3.8851
2021-07-26,4.2381,4.5858,5.3582,3.8915
2021-07-27,4.254,4.5954,5.3766,3.9017
2021-07-28,4.2533,4.5955,5.3979,3.8849
2021-07-29,4.2526,4.5866,5.3909,3.8617
2021-07-30,4.2444,4.5731,5.3681,3.841
2021-08-02,4.2383,4.5611,5.3424,3.8377
2021-08-03,4.2366,4.5533,5.3305,3.8315
2021-08-04,4.2361,4.5468,5.3448,3.8366
2021-08-05,4.2454,4.5555,5.3553,3.8485
2021-08-06,4.2422,4.5495,5.3612,3.8519
2021-08-09,4.2421,4.5709,5.3883,3.8885
2021-08-10,4.2272,4.5681,5.3977,3.8937
2021-08-11,4.2385,4.5854,5.406,3.9148
2021-08-12,4.2404,4.59,5.4166,3.9074
2021-08-13,4.2204,4.5718,5.3726,3.8934
2021-08-16,4.2425,4.5651,5.3682,3.873
2021-08-17,4.2602,4.5691,5.3571,3.8797
2021-08-18,4.2553,4.5547,5.3465,3.8861
2021-08-19,4.2818,4.5843,5.3649,3.9226
2021-08-20,4.2816,4.588,5.3536,3.9301
2021-08-23,4.2781,4.5876,5.3394,3.9107
2021-08-24,4.2811,4.5848,5.3589,3.9086
2021-08-25,4.2573,4.5679,5.337,3.8869
2021-08-26,4.2422,4.5758,5.3446,3.8912
2021-08-27,4.2442,4.5803,5.3405,3.8978
2021-08-30,4.2289,4.5691,5.3296,3.8724
2021-08-31,4.1984,4.5374,5.2859,3.8386
2021-09-01,4.1688,4.5184,5.261,3.8238
2021-09-02,4.1554,4.5067,5.2452,3.8044
2021-09-03,4.1568,4.5124,5.2577,3.7998
2021-09-06,4.1546,4.5134,5.2659,3.8041
2021-09-07,4.1613,4.5181,5.257,3.8041
2021-09-08,4.1542,4.5175,5.2596,3.8213
2021-09-09,4.1663,4.5315,5.2889,3.8292
2021-09-10,4.1956,4.5499,5.3296,3.8402
2021-09-13,4.1782,4.5386,5.3189,3.8495
2021-09-14,4.1807,4.5559,5.3442,3.8542
2021-09-15,4.192,4.5502,5.3228,3.8475
2021-09-16,4.2054,4.5736,5.3697,3.8847
2021-09-17,4.1929,4.5789,5.3633,3.8882
2021-09-20,4.2172,4.5999,5.3712,3.9282
2021-09-21,4.2489,4.6154,5.3827,3.9337
2021-09-22,4.2789,4.6308,5.3828,3.946
2021-09-23,4.2494,4.6012,5.3605,3.9256
2021-09-24,4.2494,4.6085,5.3866,3.9268
2021-09-27,4.2307,4.5912,5.3815,3.9276
2021-09-28,4.2622,4.6192,5.4061,3.9546
2021-09-29,4.2694,4.6287,5.3582,3.9684
2021-09-30,4.2725,4.6329,5.3653,3.9925
2021-10-01,4.2579,4.5941,5.3463,3.9678
2021-10-04,4.2371,4.5716,5.3382,3.9368
2021-10-05,4.2836,4.6034,5.4056,3.9688
2021-10-06,4.3002,4.6203,5.42,3.9992
2021-10-07,4.2428,4.5472,5.3446,3.9334
2021-10-08,4.2756,4.5956,5.4095,3.9775
2021-10-11,4.302,4.612,5.44,3.9862
2021-10-12,4.2745,4.5859,5.3936,3.9664
2021-10-13,4.2684,4.5806,5.401,3.9638
2021-10-14,4.2814,4.577,5.4022,3.9403
2021-10-15,4.2691,4.5733,5.4083,3.9413
2021-10-18,4.2611,4.5715,5.4158,3.9471
2021-10-19,4.2644,4.5717,5.4084,3.9212
2021-10-20,4.2637,4.5841,5.4327,3.9428
2021-10-21,4.2899,4.593,5.4461,3.9449
2021-10-22,4.3157,4.6072,5.4652,3.9576
2021-10-25,4.3054,4.6018,5.4395,3.9502
2021-10-26,4.313,4.6134,5.4784,3.974
2021-10-27,4.3362,4.6165,5.464,3.9815
2021-10-28,4.3473,4.6284,5.491,3.9938
2021-10-29,4.3496,4.6208,5.4619,3.9664
2021-11-02,4.3615,4.6129,5.425,3.9772
2021-11-03,4.3554,4.6,5.407,3.9681
2021-11-04,4.3616,4.5987,5.4249,3.9807
2021-11-05,4.362,4.6065,5.3604,3.9911
2021-11-08,4.3445,4.595,5.3617,3.9747
2021-11-09,4.3401,4.5942,5.3885,3.9622
2021-11-10,4.3555,4.6007,5.3784,3.9737
2021-11-12,4.3984,4.6412,5.4328,4.0559
2021-11-15,4.4008,4.6365,5.433,4.0497
2021-11-16,4.4285,4.6652,5.5291,4.1061
2021-11-17,4.4232,4.6614,5.5345,4.1204
2021-11-18,4.4346,4.6592,5.548,4.1114
2021-11-19,4.4782,4.6844,5.569,4.1457
2021-11-22,4.5089,4.721,5.6202,4.1855
2021-11-23,4.4948,4.7171,5.6043,4.1893
2021-11-24,4.4639,4.6811,5.5781,4.1764
2021-11-25,4.456,4.6688,5.5469,4.16
2021-11-26,4.5071,4.7038,5.5597,4.1754
2021-11-29,4.5013,4.6982,5.5531,4.1627
2021-11-30,4.4888,4.6834,5.507,4.1214
2021-12-01,4.4652,4.6494,5.4651,4.1051
2021-12-02,4.4131,4.6002,5.4114,4.0625
2021-12-03,4.4165,4.5934,5.4021,4.0653
2021-12-06,4.4029,4.5889,5.3854,4.0619
2021-12-07,4.4169,4.5991,5.4098,4.0788
2021-12-08,4.4049,4.5941,5.3909,4.071
2021-12-09,4.4305,4.6226,5.3927,4.0837
2021-12-10,4.4259,4.6129,5.3977,4.0887
2021-12-13,4.4335,4.6204,5.431,4.1003
2021-12-14,4.4631,4.6436,5.433,4.1088
2021-12-15,4.4362,4.6214,5.4363,4.0999
2021-12-16,4.4306,4.6315,5.4408,4.0938
2021-12-17,4.4531,4.6334,5.4443,4.0882
2021-12-20,4.4565,4.6381,5.4304,4.1182
2021-12-21,4.4462,4.6238,5.4229,4.0937
2021-12-22,4.4335,4.6244,5.445,4.0984
2021-12-23,4.4497,4.6359,5.4889,4.095
2021-12-24,4.4458,4.6252,5.4691,4.0785
2021-12-27,4.4463,4.6239,5.4805,4.0889
2021-12-28,4.4328,4.6028,5.4623,4.062
2021-12-29,4.4362,4.5997,5.4693,4.0779
2021-12-30,4.4262,4.5915,5.468,4.0631
2021-12-31,4.4484,4.5994,5.4846,4.06
2022-01-03,4.4326,4.5889,5.4643,4.0424
2022-01-04,4.409,4.5737,5.4677,4.0468
2022-01-05,4.4106,4.5672,5.4658,4.0396
2022-01-07,4.372,4.5576,5.4595,4.0279
2022-01-10,4.35,4.5377,5.4406,4.0064
2022-01-11,4.33,4.5454,5.458,4.0106
2022-01-12,4.3192,4.5332,5.4345,3.9879
2022-01-13,4.3244,4.527,5.4209,3.9463
2022-01-14,4.3466,4.5372,5.4387,3.9597
2022-01-17,4.331,4.5201,5.4123,3.9567
2022-01-18,4.3436,4.5275,5.4144,3.9734
2022-01-19,4.3594,4.5279,5.4357,3.993
2022-01-20,4.3511,4.5201,5.4279,3.9833
2022-01-21,4.3786,4.5303,5.421,3.9953
2022-01-24,4.3932,4.5358,5.4169,4.0049
2022-01-25,4.4161,4.5821,5.4731,4.0593
2022-01-26,4.4211,4.592,5.4958,4.0684
2022-01-27,4.4029,4.5713,5.4818,4.083
2022-01-28,4.4086,4.5697,5.4934,4.1048
2022-01-31,4.4156,4.5982,5.532,4.1147
2022-02-01,4.4087,4.582,5.492,4.0689
2022-02-02,4.379,4.55,5.4556,4.0283
2022-02-03,4.3656,4.5439,5.4598,4.0267
2022-02-04,4.3046,4.5459,5.381,3.9657
2022-02-07,4.3112,4.555,5.3893,3.9872
2022-02-08,4.2973,4.5274,5.3792,3.9693
2022-02-09,4.2798,4.5167,5.3633,3.953
2022-02-10,4.2465,4.4879,5.3225,3.9218
2022-02-11,4.2754,4.5163,5.3772,3.9665
2022-02-14,4.375,4.5743,5.4645,4.0439
2022-02-15,4.2954,4.5091,5.3856,3.974
2022-02-16,4.2706,4.4916,5.3542,3.9478
2022-02-17,4.307,4.5088,5.3988,3.9687
2022-02-18,4.3233,4.5256,5.4222,3.9798
2022-02-21,4.3328,4.5193,5.4227,3.9769
2022-02-22,4.3676,4.5416,5.4482,4.012
2022-02-23,4.3401,4.5352,5.4333,3.9937
2022-02-24,4.4808,4.6284,5.546,4.1281
2022-02-25,4.5001,4.6608,5.5751,4.1683
2022-02-28,4.5483,4.6909,5.6131,4.1965
2022-03-01,4.6037,4.7241,5.6593,4.2193
2022-03-02,4.7212,4.7989,5.7631,4.3302
2022-03-03,4.7028,4.7931,5.7881,4.3257
2022-03-04,4.7787,4.8363,5.8413,4.391
2022-03-07,4.9452,4.9647,6.0211,4.5722
2022-03-08,4.8579,4.9121,5.9196,4.5115
2022-03-09,4.758,4.8429,5.8051,4.4147
2022-03-10,4.6917,4.8013,5.7264,4.3482
2022-03-11,4.689,4.7924,5.7127,4.3694
2022-03-14,4.631,4.7465,5.6375,4.3221
2022-03-15,4.5793,4.7311,5.6056,4.2992
2022-03-16,4.555,4.7055,5.5931,4.2828
2022-03-17,4.5127,4.6876,5.5865,4.2403
2022-03-18,4.5701,4.7221,5.6109,4.2707
2022-03-21,4.5614,4.693,5.5819,4.2444
2022-03-22,4.5644,4.6975,5.6322,4.272
2022-03-23,4.5722,4.7036,5.6574,4.2772
2022-03-24,4.6412,4.7589,5.7061,4.331
2022-03-25,4.6528,4.7459,5.6769,4.3125
2022-03-28,4.5697,4.702,5.6311,4.2784
2022-03-29,4.5809,4.7144,5.605,4.2917
2022-03-30,4.5045,4.6507,5.4775,4.1688
2022-03-31,4.5207,4.6525,5.4842,4.1801
2022-04-01,4.5431,4.6428,5.5114,4.1978
2022-04-04,4.539,4.6373,5.518,4.2073
2022-04-05,4.559,4.6317,5.541,4.2233
2022-04-06,4.5691,4.6539,5.5802,4.2606
2022-04-07,4.5793,4.6478,5.586,4.2727
2022-04-08,4.5663,4.6405,5.5702,4.2703
2022-04-11,4.5574,4.6451,5.5484,4.2586
2022-04-12,4.6005,4.6626,5.5819,4.2926
2022-04-13,4.6016,4.646,5.5761,4.2872
2022-04-14,4.5539,4.6447,5.5923,4.2581
2022-04-15,4.5493,4.6378,5.6019,4.2865
2022-04-19,4.533,4.6361,5.5924,4.2887
2022-04-20,4.5049,4.6295,5.565,4.2708
2022-04-21,4.4913,4.6523,5.5636,4.2596
2022-04-22,4.493,4.6361,5.5327,4.2935
2022-04-25,4.5047,4.6405,5.5054,4.3188
2022-04-26,4.5294,4.6429,5.5299,4.3469
2022-04-27,4.6042,4.7076,5.5744,4.4453
2022-04-28,4.5921,4.6915,5.5924,4.4613
2022-04-29,4.5504,4.6582,5.532,4.4072
2022-05-02,4.576,4.6806,5.5894,4.4454
2022-05-04,4.5333,4.6777,5.5631,4.4456
2022-05-05,4.4995,4.6658,5.5223,4.4017
2022-05-06,4.5196,4.6979,5.4914,4.4502
2022-05-09,4.5074,4.7059,5.4956,4.4784
2022-05-10,4.4528,4.6761,5.4564,4.4223
2022-05-11,4.47,4.67,5.4677,4.419
2022-05-12,4.502,4.6841,5.4644,4.4863
2022-05-13,4.4843,4.6679,5.4736,4.4849
2022-05-16,4.4582,4.6724,5.4799,4.4785
2022-05-17,4.4542,4.6558,5.5377,4.4379
2022-05-18,4.4395,4.6528,5.4797,4.4279
2022-05-19,4.5303,4.6429,5.4796,4.4231
2022-05-20,4.5061,4.6366,5.4735,4.3832
2022-05-23,4.4755,4.6171,5.4524,4.3369
2022-05-24,4.4723,4.6107,5.3775,4.3071
2022-05-25,4.4727,4.5955,5.3938,4.3069
2022-05-26,4.5003,4.6135,5.4257,4.3189
2022-05-27,4.4814,4.6102,5.4209,4.2966
2022-05-30,4.4544,4.5869,5.3821,4.2617
2022-05-31,4.4387,4.5756,5.3783,4.2651
2022-06-01,4.4531,4.5891,5.385,4.2817
2022-06-02,4.4689,4.5876,5.3832,4.2931
2022-06-03,4.4547,4.5908,5.3681,4.2689
2022-06-06,4.4412,4.588,5.3655,4.2675
2022-06-07,4.4,4.5855,5.3644,4.2935
2022-06-08,4.3834,4.5817,5.3719,4.2904
2022-06-09,4.3696,4.5826,5.3566,4.2764
2022-06-10,4.4292,4.603,5.4127,4.3363
2022-06-13,4.4594,4.6313,5.4022,4.4209
2022-06-14,4.4967,4.6548,5.4041,4.4478
2022-06-15,4.4574,4.6642,5.3729,4.4455
2022-06-17,4.6223,4.6951,5.4971,4.463
2022-06-20,4.5993,4.6731,5.4376,4.44
2022-06-21,4.5511,4.646,5.4064,4.3917
2022-06-22,4.5818,4.659,5.4171,4.4338
2022-06-23,4.6375,4.7096,5.4756,4.4881
2022-06-24,4.6538,4.7094,5.4831,4.4656
2022-06-27,4.6314,4.6965,5.4655,4.4369
2022-06-28,4.6513,4.7004,5.451,4.4377
2022-06-29,4.6611,4.6809,5.4215,4.4533
2022-06-30,4.6904,4.6806,5.4429,4.4825
2022-07-01,4.7075,4.7176,5.4583,4.5106
2022-07-04,4.6911,4.7002,5.4587,4.5032
2022-07-05,4.7641,4.7358,5.5334,4.5947
2022-07-06,4.8287,4.7942,5.5968,4.6796
2022-07-07,4.8418,4.7965,5.629,4.7029
2022-07-08,4.8528,4.7958,5.6594,4.7417
2022-07-11,4.8409,4.7976,5.6736,4.7416
2022-07-12,4.9031,4.8337,5.7119,4.8284
2022-07-13,4.9269,4.8399,5.7338,4.8221
2022-07-14,4.9035,4.8371,5.7163,4.8274
2022-07-15,4.893,4.8115,5.6739,4.7966
2022-07-18,4.8387,4.777,5.6333,4.7152
2022-07-19,4.8036,4.7731,5.6009,4.6594
2022-07-20,4.7982,4.7603,5.5852,4.6524
2022-07-21,4.8008,4.7578,5.5738,4.6682
2022-07-22,4.8479,4.7643,5.6103,4.692
2022-07-25,4.7917,4.7196,5.5525,4.6171
2022-07-26,4.7943,4.7183,5.5621,4.6222
2022-07-27,4.9039,4.7811,5.685,4.7142
2022-07-28,4.904,4.7973,5.722,4.6952
2022-07-29,4.8682,4.7399,5.6434,4.6365
2022-08-01,4.873,4.7475,5.6612,4.629
2022-08-02,4.8322,4.7092,5.6062,4.5984
2022-08-03,4.8127,4.7032,5.6221,4.6164
2022-08-04,4.8226,4.723,5.6374,4.634
2022-08-05,4.8153,4.7053,5.5889,4.6024
2022-08-08,4.8137,4.7013,5.5752,4.6127
2022-08-09,4.8239,4.7021,5.5646,4.5919
2022-08-10,4.8454,4.7138,5.5775,4.6112
2022-08-11,4.8134,4.6745,5.5339,4.5206
2022-08-12,4.8318,4.6832,5.5357,4.5459
2022-08-16,4.8784,4.6928,5.5711,4.6282
2022-08-17,4.85,4.6921,5.5818,4.6119
2022-08-18,4.8733,4.7244,5.5983,4.6468
2022-08-19,4.9159,4.748,5.5981,4.7061
2022-08-22,4.9444,4.7493,5.6022,4.7427
2022-08-23,4.9696,4.7706,5.6567,4.803
2022-08-24,4.9916,4.7772,5.6784,4.8029
2022-08-25,4.9415,4.7584,5.6312,4.7546
2022-08-26,4.9196,4.7413,5.6007,4.7465
2022-08-29,4.9342,4.7529,5.5752,4.7821
2022-08-30,4.8679,4.7328,5.5413,4.721
2022-08-31,4.8467,4.7265,5.5126,4.736
2022-09-01,4.8112,4.7133,5.4464,4.6959
2022-09-02,4.8237,4.7144,5.4622,4.7276
2022-09-05,4.8487,4.7263,5.4798,4.769
2022-09-06,4.8311,4.7168,5.4821,4.7367
2022-09-07,4.8413,4.7137,5.4696,4.7584
2022-09-08,4.8438,4.7244,5.4322,4.7268
2022-09-09,4.8693,4.7098,5.4185,4.6599
2022-09-12,4.8428,4.7113,5.4044,4.6225
2022-09-13,4.8752,4.7082,5.4311,4.6363
2022-09-14,4.9174,4.7195,5.4504,4.7233
2022-09-15,4.9137,4.7164,5.4412,4.7202
2022-09-16,4.9134,4.7176,5.3882,4.7384
2022-09-19,4.8864,4.7142,5.3711,4.7255
2022-09-20,4.8772,4.7165,5.3866,4.7118
2022-09-21,4.9687,4.7449,5.4289,4.7919
2022-09-22,4.9621,4.7758,5.475,4.8343
2022-09-23,4.9701,4.7591,5.453,4.8796
2022-09-26,4.9846,4.7566,5.2822,4.9113
2022-09-27,5.0135,4.7616,5.3465,4.9476
2022-09-28,5.071,4.8147,5.3856,5.0381
2022-09-29,5.12,4.8637,5.4331,5.0328
2022-09-30,5.0714,4.8698,5.556,4.9533
2022-10-03,4.9806,4.8272,5.5155,4.9207
2022-10-04,4.9215,4.8007,5.532,4.8615
2022-10-05,4.9299,4.8128,5.5269,4.838
2022-10-06,4.9874,4.8445,5.5303,4.8989
2022-10-07,5.0065,4.8606,5.5505,4.9588
2022-10-10,5.0372,4.8677,5.5542,5.0239
2022-10-11,5.0179,4.8711,5.541,5.0171
2022-10-12,5.0231,4.8536,5.5205,5.0014
2022-10-13,4.9964,4.8468,5.5395,4.9905
2022-10-14,4.9526,4.833,5.5886,4.9569
2022-10-17,4.9392,4.8229,5.5801,4.9522
2022-10-18,4.9091,4.8092,5.5256,4.8929
2022-10-19,4.8899,4.7997,5.5061,4.8892
2022-10-20,4.8717,4.7955,5.4837,4.9024
2022-10-21,4.852,4.7804,5.4537,4.9
2022-10-24,4.8612,4.7866,5.5126,4.8669
2022-10-25,4.8359,4.7805,5.4898,4.8499
2022-10-26,4.8203,4.7723,5.5146,4.7538
2022-10-27,4.7798,4.7504,5.4728,4.7216
2022-10-28,4.7705,4.7199,5.4733,4.7477
2022-10-31,4.7376,4.7089,5.4748,4.734
2022-11-02,4.7656,4.7039,5.4601,4.7485
2022-11-03,4.7697,4.7101,5.433,4.8291
2022-11-04,4.7523,4.6898,5.3825,4.7975
2022-11-07,4.731,4.6858,5.3687,4.6926
2022-11-08,4.7417,4.6912,5.3894,4.6893
2022-11-09,4.7467,4.7037,5.361,4.6817
2022-11-10,4.7905,4.7146,5.3795,4.7328
2022-11-14,4.7977,4.6794,5.3546,4.5383
2022-11-15,4.8059,4.6985,5.3404,4.5143
2022-11-16,4.7888,4.6942,5.3593,4.505
2022-11-17,4.7909,4.7039,5.395,4.5387
2022-11-18,4.7675,4.7067,5.4075,4.5337
2022-11-21,4.7944,4.7035,5.4294,4.5991
2022-11-22,4.7977,4.7075,5.4362,4.5844
2022-11-23,4.7807,4.6958,5.4205,4.548
2022-11-24,4.7808,4.6993,5.4542,4.5101
2022-11-25,4.7729,4.6884,5.4497,4.5111
2022-11-28,4.7555,4.6835,5.4185,4.4827
2022-11-29,4.7449,4.6813,5.4141,4.5164
2022-11-30,4.7421,4.6684,5.4151,4.5066
2022-12-01,4.758,4.6892,5.4564,4.4911
2022-12-02,4.7576,4.685,5.461,4.4492
2022-12-05,4.7542,4.6898,5.4558,4.4415
2022-12-06,4.7472,4.6995,5.4534,4.4787
2022-12-07,4.7608,4.6968,5.438,4.4834
2022-12-08,4.7496,4.6976,5.4484,4.476
2022-12-09,4.7474,4.6821,5.4317,4.4351
2022-12-12,4.7624,4.6912,5.453,4.4424
2022-12-13,4.7551,4.6945,5.4638,4.4527
2022-12-14,4.7439,4.6886,5.449,4.3973
2022-12-15,4.7482,4.6843,5.4418,4.41
2022-12-16,4.7564,4.6934,5.3716,4.4227
2022-12-19,4.7453,4.6886,5.3926,4.4153
2022-12-20,4.7524,4.6804,5.3463,4.4001
2022-12-21,4.7443,4.6648,5.3342,4.3947
2022-12-22,4.7358,4.6551,5.2905,4.3726
2022-12-23,4.6925,4.6364,5.2722,4.37
2022-12-27,4.7035,4.6558,5.2676,4.3671
2022-12-28,4.7438,4.6938,5.3085,4.4127
2022-12-29,4.7725,4.6969,5.3132,4.4078
2022-12-30,4.7679,4.6899,5.2957,4.4018
2023-01-02,4.7379,4.6784,5.2768,4.3811
2023-01-03,4.7342,4.68,5.2911,4.4373
2023-01-04,4.7454,4.6688,5.3064,4.3998
2023-01-05,4.7437,4.6709,5.2892,4.397
2023-01-09,4.7606,4.697,5.3515,4.401
2023-01-10,4.7525,4.6981,5.3266,4.372
2023-01-11,4.7266,4.6871,5.2938,4.3639
2023-01-12,4.6773,4.6888,5.3035,4.3556
2023-01-13,4.66,4.6915,5.291,4.3272
2023-01-16,4.6959,4.7004,5.2998,4.3436
2023-01-17,4.7005,4.6946,5.2992,4.3398
2023-01-18,4.7449,4.7091,5.3543,4.3322
2023-01-19,4.7437,4.7053,5.3625,4.3469
2023-01-20,4.7281,4.7137,5.3711,4.352
2023-01-23,4.7118,4.7186,5.3648,4.3242
2023-01-24,4.7014,4.7073,5.3443,4.3341
2023-01-25,4.687,4.7079,5.3263,4.3265
2023-01-26,4.7142,4.7239,5.369,4.3354
2023-01-27,4.6961,4.7076,5.3505,4.3252
2023-01-30,4.7054,4.716,5.3609,4.3258
2023-01-31,4.6918,4.7089,5.3595,4.348
2023-02-01,4.7222,4.708,5.3279,4.3254
2023-02-02,4.7147,4.7079,5.2838,4.2803
2023-02-03,4.7023,4.692,5.2571,4.2928
2023-02-06,4.7458,4.7195,5.2764,4.3833
2023-02-07,4.7856,4.7476,5.3212,4.4325
2023-02-08,4.8004,4.7402,5.3351,4.4074
2023-02-09,4.7912,4.7363,5.3427,4.4003
2023-02-10,4.8283,4.7716,5.3922,4.4565
2023-02-13,4.8582,4.7895,5.4003,4.4856
2023-02-14,4.8519,4.7847,5.4193,4.4463
2023-02-15,4.8105,4.7593,5.3674,4.4372
2023-02-16,4.8349,4.7728,5.3772,4.4601
2023-02-17,4.8144,4.7747,5.3606,4.4888
2023-02-20,4.8185,4.7542,5.352,4.4515
2023-02-21,4.816,4.7469,5.3832,4.4524
2023-02-22,4.8176,4.7538,5.3971,4.4687
2023-02-23,4.8085,4.7525,5.3984,4.4873
2023-02-24,4.7749,4.7245,5.3663,4.463
2023-02-27,4.7487,4.7162,5.3523,4.4697
2023-02-28,4.7424,4.717,5.37,4.4475
2023-03-01,4.7031,4.6925,5.3218,4.4094
2023-03-02,4.6743,4.675,5.2676,4.4002
2023-03-03,4.728,4.7046,5.3147,4.4341
2023-03-06,4.7402,4.7073,5.3268,4.4289
2023-03-07,4.7156,4.6871,5.2836,4.3981
2023-03-08,4.7342,4.7018,5.2811,4.4626
2023-03-09,4.7319,4.6836,5.2648,4.4356
2023-03-10,4.7578,4.6838,5.3068,4.4266
2023-03-13,4.8054,4.6848,5.3013,4.3906
2023-03-14,4.8035,4.6909,5.3227,4.3793
2023-03-15,4.7938,4.7015,5.3341,4.403
2023-03-16,4.7718,4.6978,5.3427,4.4248
2023-03-17,4.7728,4.7062,5.362,4.4202
2023-03-20,4.7477,4.7109,5.3808,4.413
2023-03-21,4.7167,4.6981,5.3561,4.3715
2023-03-22,4.7154,4.6888,5.3385,4.3467
2023-03-23,4.697,4.6817,5.2966,4.3011
2023-03-24,4.7623,4.6911,5.3417,4.3742
2023-03-27,4.75,4.6856,5.3364,4.3518
2023-03-28,4.7205,4.6816,5.3242,4.33
2023-03-29,4.7012,4.685,5.3302,4.3247
2023-03-30,4.698,4.6801,5.3177,4.3043
2023-03-31,4.6856,4.6755,5.3107,4.2934
2023-04-03,4.7033,4.6805,5.3236,4.3168
2023-04-04,4.6989,4.6785,5.3462,4.2855
2023-04-05,4.724,4.6803,5.3379,4.2739
2023-04-06,4.757,4.6902,5.3648,4.3033
2023-04-07,4.7486,4.6862,5.3404,4.2932
2023-04-11,4.7467,4.681,5.3369,4.2917
2023-04-12,4.7301,4.666,5.3041,4.2713
2023-04-13,4.7361,4.6511,5.2874,4.2225
2023-04-14,4.7334,4.6494,5.2565,4.2042
2023-04-17,4.7222,4.6341,5.231,4.2261
2023-04-18,4.7031,4.6286,5.2428,4.2151
2023-04-19,4.7023,4.6278,5.2529,4.2244
2023-04-20,4.6914,4.6109,5.2296,4.2024
2023-04-21,4.701,4.6039,5.2086,4.2006
2023-04-24,4.7116,4.6129,5.2176,4.1905
2023-04-25,4.6993,4.598,5.1958,4.1649
2023-04-26,4.6702,4.5887,5.1861,4.1557
2023-04-27,4.655,4.5915,5.1805,4.1541
2023-04-28,4.6619,4.5889,5.2005,4.1753
2023-05-02,4.6555,4.5892,5.2162,4.1823
2023-05-04,4.6792,4.5868,5.217,4.1547
2023-05-05,4.6652,4.5885,5.2452,4.1612
2023-05-08,4.6572,4.5671,5.2297,4.1384
2023-05-09,4.6637,4.5683,5.2458,4.1609
2023-05-10,4.6633,4.5488,5.2424,4.1532
2023-05-11,4.6284,4.5259,5.2109,4.1414
2023-05-12,4.6693,4.5444,5.2189,4.1638
2023-05-15,4.624,4.5096,5.1817,4.149
2023-05-16,4.6176,4.4904,5.1626,4.1228
2023-05-17,4.6095,4.4945,5.1581,4.1504
2023-05-18,4.6568,4.5355,5.215,4.1929
2023-05-19,4.6571,4.5367,5.2182,4.2053
2023-05-22,4.6753,4.5269,5.2096,4.1881
2023-05-23,4.6298,4.4981,5.1667,4.1634
2023-05-24,4.6087,4.4803,5.164,4.1573
2023-05-25,4.6363,4.503,5.1935,4.1994
2023-05-26,4.6634,4.5242,5.2074,4.2156
2023-05-29,4.6758,4.5294,5.2146,4.2234
2023-05-30,4.6688,4.522,5.228,4.2242
2023-05-31,4.671,4.5376,5.2567,4.2559
2023-06-01,4.6572,4.5312,5.2707,4.2399
2023-06-02,4.6332,4.5148,5.2543,4.1903
2023-06-05,4.6041,4.4851,5.2031,4.1933
2023-06-06,4.6298,4.4902,5.213,4.1964
2023-06-07,4.6211,4.479,5.2109,4.1887
2023-06-09,4.6136,4.4717,5.2106,4.1545
2023-06-12,4.5623,4.4366,5.1835,4.1169
2023-06-13,4.5802,4.4783,5.2055,4.1439
2023-06-14,4.5779,4.4715,5.2298,4.1393
2023-06-15,4.5618,4.4633,5.2166,4.1203
2023-06-16,4.57,4.4583,5.2095,4.0715
2023-06-19,4.5464,4.4457,5.214,4.068
2023-06-20,4.5248,4.4386,5.1877,4.058
2023-06-21,4.5326,4.4408,5.1703,4.0648
2023-06-22,4.5109,4.4335,5.1519,4.033
2023-06-23,4.5414,4.4367,5.194,4.0893
2023-06-26,4.543,4.4297,5.1803,4.0669
2023-06-27,4.5243,4.4286,5.1561,4.0481
2023-06-28,4.5508,4.46,5.1764,4.0719
2023-06-29,4.5531,4.4568,5.1643,4.0832
2023-06-30,4.5562,4.4503,5.1796,4.1066
2023-07-03,4.5288,4.4321,5.1587,4.0714
2023-07-04,4.5359,4.4273,5.1588,4.0636
2023-07-05,4.5511,4.4498,5.1953,4.0869
2023-07-06,4.5894,4.4754,5.2362,4.1191
2023-07-07,4.5978,4.4803,5.245,4.1189
2023-07-10,4.5688,4.4553,5.2084,4.0632
2023-07-11,4.5779,4.4426,5.2006,4.0374
2023-07-12,4.5948,4.4471,5.2168,4.0347
2023-07-13,4.6028,4.4336,5.1813,3.9724
2023-07-14,4.6193,4.4486,5.1973,3.9617
2023-07-17,4.6113,4.452,5.1876,3.9616
2023-07-18,4.5913,4.4331,5.1596,3.9451
2023-07-19,4.6113,4.4492,5.1229,3.9612
2023-07-20,4.6276,4.4511,5.1321,3.971
2023-07-21,4.6156,4.4501,5.1422,3.999
2023-07-24,4.634,4.4517,5.1527,4.021
2023-07-25,4.6172,4.4348,5.1508,4.008
2023-07-26,4.6316,4.4248,5.1577,3.9949
2023-07-27,4.6383,4.4224,5.1585,3.9702
2023-07-28,4.635,4.4257,5.1702,4.0377
2023-07-31,4.5943,4.4135,5.1403,3.9995
2023-08-01,4.6024,4.419,5.1648,4.0262
2023-08-02,4.6167,4.4484,5.1786,4.0497
2023-08-03,4.6523,4.4585,5.1729,4.081
2023-08-04,4.6282,4.4438,5.1582,4.062
2023-08-07,4.6069,4.4279,5.1356,4.0347
2023-08-08,4.6231,4.4375,5.1521,4.0396
2023-08-09,4.6398,4.4586,5.1772,4.0592
2023-08-10,4.6402,4.465,5.1696,4.0521
2023-08-11,4.6199,4.4547,5.1458,4.0501
2023-08-14,4.6212,4.4361,5.1457,4.0525
2023-08-16,4.6507,4.4621,5.2091,4.0832
2023-08-17,4.673,4.4681,5.224,4.1094
2023-08-18,4.6897,4.4869,5.2515,4.1285
2023-08-21,4.6718,4.4768,5.2317,4.1124
2023-08-22,4.6632,4.4648,5.2306,4.0924
2023-08-23,4.7067,4.4834,5.2539,4.1438
2023-08-24,4.683,4.473,5.2291,4.118
2023-08-25,4.6767,4.4674,5.2128,4.1419
2023-08-28,4.6821,4.4716,5.2065,4.14
2023-08-29,4.6725,4.469,5.2132,4.1341
2023-08-30,4.6807,4.474,5.2023,4.1167
2023-08-31,4.6636,4.4684,5.2158,4.1074
2023-09-01,4.6742,4.4762,5.2301,4.1263
2023-09-04,4.6767,4.4653,5.2241,4.1353
2023-09-05,4.691,4.4764,5.2203,4.1643
2023-09-06,4.7086,4.4974,5.2626,4.1895
2023-09-07,4.8067,4.594,5.3518,4.289
2023-09-08,4.8225,4.6019,5.3645,4.2958
2023-09-11,4.8313,4.6209,5.3926,4.3077
2023-09-12,4.9015,4.6836,5.4495,4.3711
2023-09-13,4.8403,4.6402,5.3931,4.3225
2023-09-14,4.8261,4.6285,5.3845,4.312
2023-09-15,4.8481,4.6307,5.4005,4.3418
2023-09-18,4.8519,4.6377,5.3845,4.3489
2023-09-19,4.8505,4.6458,5.3802,4.3472
2023-09-20,4.8483,4.6529,5.3803,4.3501
2023-09-21,4.7809,4.621,5.3357,4.3365
2023-09-22,4.7752,4.6069,5.302,4.3269
2023-09-25,4.747,4.5892,5.2783,4.3188
2023-09-26,4.7657,4.6077,5.298,4.3485
2023-09-27,4.759,4.6065,5.2997,4.3622
2023-09-28,4.7973,4.634,5.3631,4.4062
2023-09-29,4.803,4.6356,5.3464,4.3697
2023-10-02,4.7869,4.6091,5.3183,4.3634
2023-10-03,4.7848,4.6147,5.3195,4.4012
2023-10-04,4.8065,4.6303,5.3492,4.4155
2023-10-05,4.7683,4.5974,5.3057,4.3768
2023-10-06,4.7768,4.5998,5.3195,4.3608
2023-10-09,4.7704,4.5793,5.2897,4.3439
2023-10-10,4.7537,4.5581,5.2747,4.2985
2023-10-11,4.7174,4.5183,5.2304,4.2589
2023-10-12,4.7398,4.5329,5.2452,4.2659
2023-10-13,4.747,4.5417,5.2563,4.3033
2023-10-16,4.7085,4.4804,5.1683,4.2505
2023-10-17,4.6676,4.4389,5.1222,4.2131
2023-10-18,4.6753,4.4488,5.1283,4.2035
2023-10-19,4.6989,4.4529,5.1171,4.2264
2023-10-20,4.7328,4.4675,5.1159,4.2194
2023-10-23,4.7083,4.4552,5.1103,4.2022
2023-10-24,4.6974,4.4604,5.1366,4.1884
2023-10-25,4.7236,4.4758,5.1328,4.2284
2023-10-26,4.7123,4.4708,5.1209,4.2395
2023-10-27,4.6935,4.4642,5.1266,4.2267
2023-10-30,4.6546,4.4491,5.0987,4.204
2023-10-31,4.6227,4.4475,5.0823,4.1684
2023-11-02,4.6466,4.4582,5.1135,4.1963
2023-11-03,4.6293,4.4569,5.1123,4.1857
2023-11-06,4.6322,4.4615,5.1471,4.1512
2023-11-07,4.6283,4.4513,5.1259,4.1667
2023-11-08,4.6343,4.4584,5.1196,4.1804
2023-11-09,4.61,4.4413,5.1061,4.1513
2023-11-10,4.5905,4.4227,5.0609,4.1423
2023-11-13,4.5975,4.4336,5.0783,4.1474
2023-11-14,4.572,4.4163,5.0683,4.121
2023-11-15,4.5495,4.39,5.0416,4.0453
2023-11-16,4.5452,4.3854,5.0119,4.0415
2023-11-17,4.5427,4.3767,5.0048,4.0327
2023-11-20,4.5248,4.368,4.996,3.9938
2023-11-21,4.5106,4.3647,4.9971,3.9882
2023-11-22,4.5433,4.3804,5.0341,4.018
2023-11-23,4.5274,4.3658,5.0193,3.9969
2023-11-24,4.5348,4.3722,5.0325,4.0103
2023-11-27,4.512,4.3543,5.0142,3.9769
2023-11-28,4.5175,4.3542,5.0198,3.975
2023-11-29,4.5031,4.3327,5.0066,3.9478
2023-11-30,4.551,4.3492,5.035,3.981
2023-12-01,4.567,4.3494,5.0557,3.991
2023-12-04,4.5678,4.3337,5.0509,3.985
2023-12-05,4.5689,4.3233,5.0417,3.991
2023-12-06,4.5982,4.3382,5.0656,4.0202
2023-12-07,4.6027,4.3334,5.0597,4.0199
2023-12-08,4.5913,4.3303,5.0458,4.0181
2023-12-11,4.5824,4.3366,5.0567,4.0277
2023-12-12,4.581,4.3396,5.0516,4.0204
2023-12-13,4.5827,4.3309,5.0289,4.0149
2023-12-14,4.5328,4.3053,5.0015,3.9484
2023-12-15,4.5374,4.3103,5.024,3.9326
2023-12-18,4.5611,4.3269,5.0196,3.9625
2023-12-19,4.5709,4.3321,5.0283,3.9591
2023-12-20,4.5885,4.3341,5.0117,3.9527
2023-12-21,4.5988,4.3387,5.0077,3.9645
2023-12-22,4.597,4.3288,4.9905,3.9338
2023-12-27,4.599,4.3311,4.9834,3.9178
2023-12-28,4.6671,4.3392,4.9887,3.899
2023-12-29,4.6828,4.348,4.9997,3.935
2024-01-02,4.6596,4.3434,5.0152,3.9432
2024-01-03,4.6873,4.3646,5.0397,3.9909
2024-01-04,4.6718,4.3525,5.0481,3.9684
2024-01-05,4.6714,4.3484,5.044,3.985
2024-01-08,4.6793,4.3548,5.0543,3.9812
2024-01-09,4.6616,4.3351,5.0446,3.9612
2024-01-10,4.6538,4.3413,5.0466,3.9656
2024-01-11,4.6637,4.3505,5.0549,3.968
2024-01-12,4.6556,4.3574,5.0688,3.9746
2024-01-15,4.6797,4.3748,5.0861,3.9963
2024-01-16,4.69,4.3934,5.1027,4.0358
2024-01-17,4.6912,4.3978,5.1274,4.0434
2024-01-18,4.6793,4.4016,5.1253,4.0437
2024-01-19,4.6388,4.3846,5.1103,4.0289
2024-01-22,4.6073,4.356,5.0784,3.9972
2024-01-23,4.6228,4.3697,5.1084,4.0133
2024-01-24,4.6387,4.3755,5.1223,4.0131
2024-01-25,4.6543,4.379,5.1148,4.0189
2024-01-26,4.669,4.3802,5.1357,4.0393
2024-01-29,4.6785,4.3653,5.123,4.0326
2024-01-30,4.6692,4.3634,5.1106,4.0301
2024-01-31,4.6511,4.3434,5.0848,4.0135
2024-02-01,4.6415,4.3247,5.0688,4.0047
2024-02-02,4.6291,4.3173,5.0572,3.9641
2024-02-05,4.624,4.3278,5.0712,4.0244
2024-02-06,4.6378,4.3435,5.0777,4.0484
2024-02-07,4.6322,4.3466,5.099,4.0362
2024-02-08,4.6166,4.3449,5.0892,4.0292
2024-02-09,4.5779,4.3167,5.0559,4.0096
2024-02-12,4.5906,4.328,5.0721,4.0189
2024-02-13,4.562,4.3214,5.0786,4.0136
2024-02-14,4.5748,4.3435,5.0902,4.0593
2024-02-15,4.5849,4.3463,5.084,4.0495
2024-02-16,4.5769,4.3414,5.0753,4.0325
2024-02-19,4.57,4.339,5.0796,4.0269
2024-02-20,4.5361,4.3186,5.0407,3.9994
2024-02-21,4.5385,4.3163,5.0406,3.9966
2024-02-22,4.5379,4.3199,5.0454,3.9804
2024-02-23,4.5427,4.3326,5.0691,4.005
2024-02-26,4.5208,4.3117,5.0435,3.9776
2024-02-27,4.5113,4.3067,5.0353,3.9682
2024-02-28,4.5292,4.3116,5.0404,3.9922
2024-02-29,4.5332,4.319,5.042,3.9803
2024-03-01,4.5099,4.3176,5.0413,3.9922
2024-03-04,4.5119,4.3201,5.048,3.982
2024-03-05,4.4971,4.3228,5.0535,3.9838
2024-03-06,4.4806,4.3106,5.0452,3.963
2024-03-07,4.4827,4.3045,5.0336,3.9485
2024-03-08,4.4942,4.3079,5.0536,3.9392
2024-03-11,4.4776,4.2933,5.0423,3.9262
2024-03-12,4.4697,4.2804,5.0084,3.9162
2024-03-13,4.4686,4.2896,5.0171,3.9269
2024-03-14,4.4538,4.287,5.0214,3.9183
2024-03-15,4.4613,4.2929,5.0233,3.9392
2024-03-18,4.4711,4.3086,5.0343,3.9528
2024-03-19,4.4886,4.3201,5.0516,3.9866
2024-03-20,4.4771,4.3242,5.0635,3.9895
2024-03-21,4.4069,4.3031,5.0367,3.9431
2024-03-22,4.4337,4.3186,5.0257,3.9928
2024-03-25,4.4371,4.3091,5.0246,3.9833
2024-03-26,4.4047,4.3093,5.0243,3.9704
2024-03-27,4.4018,4.3153,5.0327,3.9857
2024-03-28,4.4228,4.3191,5.0474,4.0081
2024-03-29,4.425,4.3009,5.03,3.9886
2024-04-02,4.4037,4.2934,5.0256,4.0009
2024-04-03,4.3875,4.2923,5.0117,3.9843
2024-04-04,4.3621,4.2921,5.0042,3.9515
2024-04-05,4.3796,4.2883,5.0003,3.9571
2024-04-08,4.3667,4.2805,4.9915,3.9546
2024-04-09,4.3366,4.2588,4.966,3.9223
2024-04-10,4.3447,4.2641,4.9843,3.9264
2024-04-11,4.3451,4.2649,4.9835,3.9707
2024-04-12,4.3805,4.2666,5.0007,3.9983
2024-04-15,4.4047,4.2851,5.0192,4.0209
2024-04-16,4.4554,4.3197,5.0609,4.0687
2024-04-17,4.4777,4.3353,5.0812,4.0741
2024-04-18,4.4637,4.3309,5.0589,4.0559
2024-04-19,4.4787,4.3316,5.0615,4.0688
2024-04-22,4.4505,4.3203,5.0131,4.054
2024-04-23,4.4535,4.3335,5.0238,4.061
2024-04-24,4.4202,4.3177,5.022,4.0417
2024-04-25,4.4131,4.3198,5.0427,4.0276
2024-04-26,4.4145,4.3225,5.0414,4.0245
2024-04-29,4.4259,4.319,5.0509,4.0346
2024-04-30,4.4217,4.3213,5.0598,4.0341
2024-05-02,4.4345,4.3323,5.067,4.0474
2024-05-06,4.4438,4.3294,5.0583,4.0202
2024-05-07,4.412,4.3116,5.0228,4.0056
2024-05-08,4.4253,4.3195,5.0157,4.0202
2024-05-09,4.4061,4.2993,4.9986,4.0076
2024-05-10,4.3984,4.2979,4.9961,3.9866
2024-05-13,4.3964,4.2977,4.9947,3.9853
2024-05-14,4.3737,4.2812,4.9741,3.9701
2024-05-15,4.3498,4.2635,4.9651,3.9368
2024-05-16,4.3445,4.2617,4.9679,3.9195
2024-05-17,4.3302,4.2685,4.979,3.9363
2024-05-20,4.3072,4.2575,4.9743,3.9149
2024-05-21,4.3052,4.2572,4.9798,3.9175
2024-05-22,4.2994,4.2575,4.995,3.9243
2024-05-23,4.3072,4.2699,5.0113,3.9394
2024-05-24,4.3039,4.2624,5.0022,3.9376
2024-05-27,4.2862,4.2528,4.9951,3.9196
2024-05-28,4.2959,4.2592,5.0032,3.9183
2024-05-29,4.2996,4.2529,5.0055,3.9244
2024-05-31,4.3471,4.2678,5.0056,3.9389
2024-06-03,4.3756,4.2817,5.0181,3.9501
2024-06-04,4.4067,4.2923,5.0403,3.9448
2024-06-05,4.4397,4.3081,5.0606,3.9607
2024-06-06,4.4311,4.2997,5.0543,3.953
2024-06-07,4.4284,4.2891,5.0371,3.9389
2024-06-10,4.4771,4.3197,5.1033,4.0159
2024-06-11,4.5095,4.3456,5.1464,4.0443
2024-06-12,4.4994,4.3354,5.1465,4.0342
2024-06-13,4.4804,4.3355,5.135,4.0119
2024-06-14,4.569,4.3581,5.1857,4.076
2024-06-17,4.567,4.3608,5.1616,4.0728
2024-06-18,4.5614,4.3468,5.1423,4.0549
2024-06-19,4.5671,4.3376,5.1421,4.0387
2024-06-20,4.5359,4.3238,5.1224,4.0345
2024-06-21,4.5437,4.3331,5.1291,4.0527
2024-06-24,4.5104,4.3198,5.1037,4.0319
2024-06-25,4.4732,4.2909,5.0774,3.9975
2024-06-26,4.4903,4.3087,5.1027,4.0291
2024-06-27,4.4906,4.3085,5.0934,4.0312
2024-06-28,4.4813,4.313,5.0942,4.032
2024-07-01,4.4335,4.2981,5.0587,3.9915
2024-07-02,4.465,4.3286,5.0988,4.0375
2024-07-03,4.4253,4.3021,5.0768,3.999
2024-07-04,4.4138,4.2975,5.075,3.9784
2024-07-05,4.4059,4.2858,5.0582,3.9581
2024-07-08,4.4078,4.278,5.06,3.947
2024-07-09,4.3841,4.2633,5.0444,3.9391
2024-07-10,4.3819,4.2529,5.0318,3.9324
2024-07-11,4.3698,4.2586,5.0547,3.9257
2024-07-12,4.3647,4.2567,5.0621,3.9099
2024-07-15,4.358,4.2499,5.0603,3.896
2024-07-16,4.3658,4.2604,5.0668,3.9083
2024-07-17,4.4183,4.2904,5.1088,3.921
2024-07-18,4.4436,4.2954,5.1032,3.9296
2024-07-19,4.4425,4.293,5.0974,3.9461
2024-07-22,4.4276,4.2797,5.0813,3.9307
2024-07-23,4.4214,4.281,5.0861,3.9355
2024-07-24,4.441,4.2796,5.0939,3.9498
2024-07-25,4.4984,4.2971,5.1053,3.9619
2024-07-26,4.4618,4.2773,5.0709,3.9415
2024-07-29,4.4686,4.2847,5.0683,3.9556
2024-07-30,4.4646,4.2845,5.0882,3.9567
2024-07-31,4.5034,4.2953,5.0922,3.9689
2024-08-01,4.5444,4.2924,5.0867,3.9802
2024-08-02,4.5508,4.2903,5.0525,3.9672
2024-08-05,4.6263,4.3073,5.0196,3.9331
2024-08-06,4.6202,4.313,5.0253,3.9467
2024-08-07,4.6025,4.3158,5.0204,3.9526
2024-08-08,4.604,4.3225,5.0195,3.952
2024-08-09,4.5762,4.3238,5.0556,3.9604
2024-08-12,4.5464,4.3123,5.0404,3.9488
2024-08-13,4.5329,4.2945,5.0319,3.9314
2024-08-14,4.5176,4.2933,5.0036,3.8963
2024-08-16,4.4797,4.2732,5.014,3.8914
2024-08-19,4.474,4.2693,5.0177,3.8682
2024-08-20,4.4771,4.2665,5.0062,3.8506
2024-08-21,4.5095,4.2879,5.0183,3.8565
2024-08-22,4.5174,4.285,5.0427,3.8456
2024-08-23,4.5132,4.2769,5.0486,3.8453
2024-08-26,4.5261,4.2803,5.0526,3.8284
2024-08-27,4.5219,4.2802,5.0662,3.8331
2024-08-28,4.571,4.2938,5.0986,3.8539
2024-08-29,4.579,4.2862,5.0993,3.867
2024-08-30,4.5532,4.2798,5.0947,3.8644
2024-09-02,4.5513,4.2812,5.0806,3.8684
2024-09-03,4.5387,4.2757,5.0777,3.8701
2024-09-04,4.5647,4.2815,5.0828,3.8738
2024-09-05,4.5485,4.2717,5.0685,3.8487
2024-09-06,4.577,4.279,5.0678,3.8489
2024-09-09,4.5687,4.2818,5.0729,3.8758
2024-09-10,4.5746,4.2827,5.077,3.8798
2024-09-11,4.59,4.2864,5.0778,3.8816
2024-09-12,4.5674,4.2986,5.0916,3.9025
2024-09-13,4.5574,4.2883,5.0812,3.8659
2024-09-16,4.5518,4.2753,5.0694,3.8438
2024-09-17,4.5484,4.2748,5.0742,3.8354
2024-09-18,4.545,4.2691,5.0657,3.8358
2024-09-19,4.5209,4.2693,5.0728,3.8249
2024-09-20,4.5223,4.2779,5.0961,3.8317
2024-09-23,4.5321,4.2785,5.1187,3.8571
2024-09-24,4.5173,4.2668,5.1237,3.83
2024-09-25,4.5027,4.2634,5.1001,3.8117
2024-09-26,4.5074,4.2665,5.1123,3.8294
2024-09-27,4.5396,4.2761,5.1312,3.8368
2024-09-30,4.5279,4.2791,5.1241,3.8193
2024-10-01,4.5574,4.2846,5.1445,3.859
2024-10-02,4.583,4.2952,5.1575,3.8792
2024-10-03,4.578,4.299,5.1084,3.8951
2024-10-04,4.5934,4.313,5.1465,3.9118
2024-10-07,4.5876,4.3185,5.1527,3.9368
2024-10-08,4.5988,4.3203,5.1478,3.9299
2024-10-09,4.5785,4.3026,5.1347,3.9266
2024-10-10,4.5737,4.3029,5.1452,3.9355
2024-10-11,4.579,4.2926,5.1252,3.9204
2024-10-14,4.5688,4.2928,5.1334,3.9288
2024-10-15,4.5652,4.2913,5.1433,3.9332
2024-10-16,4.5777,4.2955,5.1323,3.9468
2024-10-17,4.5991,4.3174,5.1631,3.9786
2024-10-18,4.5852,4.3048,5.18,3.9718
2024-10-21,4.5985,4.3178,5.1813,3.9775
2024-10-22,4.6063,4.3159,5.1777,3.9862
2024-10-23,4.636,4.3344,5.2168,4.0176
2024-10-24,4.64,4.3396,5.2062,4.0168
2024-10-25,4.6403,4.3533,5.2188,4.0219
2024-10-28,4.6359,4.3478,5.216,4.0207
2024-10-29,4.6472,4.3542,5.2243,4.0251
2024-10-30,4.6144,4.335,5.1982,3.9989
2024-10-31,4.6296,4.353,5.2007,4.0059
2024-11-04,4.6164,4.3443,5.1715,3.9869
2024-11-05,4.6437,4.3607,5.1978,4.0038
2024-11-06,4.6437,4.3662,5.2368,4.0595
2024-11-07,4.6122,4.3431,5.2166,4.0414
2024-11-08,4.6031,4.3244,5.1992,4.0117
2024-11-12,4.646,4.357,5.2579,4.1011
2024-11-13,4.6288,4.3416,5.2092,4.0853
2024-11-14,4.635,4.3365,5.2178,4.122
2024-11-15,4.6041,4.3198,5.1743,4.0898
2024-11-18,4.6275,4.332,5.1784,4.0997
2024-11-19,4.646,4.3308,5.1844,4.1052
2024-11-20,4.6444,4.3404,5.2093,4.112
2024-11-21,4.6748,4.3469,5.2215,4.1332
2024-11-22,4.6959,4.343,5.224,4.1752
2024-11-25,4.6457,4.3319,5.1929,4.1297
2024-11-26,4.6361,4.3157,5.1639,4.1073
2024-11-27,4.6408,4.309,5.1645,4.0974
2024-11-28,4.6238,4.3085,5.1751,4.0907
2024-11-29,4.6268,4.3043,5.1747,4.077
2024-12-02,4.6077,4.2923,5.1871,4.0827
2024-12-03,4.6089,4.2927,5.1726,4.0803
2024-12-04,4.6041,4.2899,5.1776,4.0845
2024-12-05,4.5827,4.2695,5.1589,4.0554
2024-12-06,4.5898,4.2669,5.1467,4.0341
2024-12-09,4.5813,4.2581,5.1454,4.0298
2024-12-10,4.6025,4.2672,5.168,4.0518
2024-12-11,4.5944,4.2661,5.172,4.0628
2024-12-12,4.5949,4.2818,5.1979,4.074
2024-12-13,4.5534,4.2722,5.1491,4.0738
2024-12-16,4.5563,4.2622,5.1339,4.0571
2024-12-17,4.527,4.2599,5.1538,4.0623
2024-12-18,4.5448,4.2628,5.1536,4.0621
2024-12-19,4.5685,4.2633,5.1837,4.0944
2024-12-20,4.5801,4.2572,5.1264,4.1002
2024-12-23,4.5728,4.2621,5.1472,4.095
2024-12-24,4.5654,4.2739,5.1549,4.1127
2024-12-27,4.5604,4.2747,5.1332,4.1036
2024-12-30,4.5413,4.2738,5.1516,4.096
2024-12-31,4.5371,4.273,5.1488,4.1012
2025-01-02,4.5554,4.2668,5.1448,4.1219
2025-01-03,4.5658,4.2718,5.1498,4.1512
2025-01-07,4.5097,4.2515,5.1217,4.077
2025-01-08,4.533,4.2656,5.1467,4.1335
2025-01-09,4.5555,4.2794,5.1,4.1523
2025-01-10,4.5341,4.2657,5.0952,4.1415
2025-01-13,4.5699,4.2715,5.0733,4.1904
2025-01-14,4.5477,4.2737,5.0729,4.1658
2025-01-15,4.5331,4.2611,5.0499,4.133
2025-01-16,4.5476,4.262,5.054,4.1433
2025-01-17,4.5503,4.2691,5.0567,4.1462
2025-01-20,4.5221,4.2587,5.0318,4.1321
2025-01-21,4.5138,4.2554,5.0342,4.1101
2025-01-22,4.4947,4.2461,5.0265,4.0646
2025-01-23,4.4658,4.2182,4.9905,4.0515
2025-01-24,4.4365,4.21,4.9858,4.0124
2025-01-27,4.4605,4.2176,5.021,4.021
2025-01-28,4.453,4.2092,5.0208,4.0337
2025-01-29,4.4625,4.2077,5.0232,4.0443
2025-01-30,4.4502,4.2039,5.0259,4.0393
2025-01-31,4.4549,4.213,5.0404,4.0576
2025-02-03,4.507,4.2305,5.0826,4.1352
2025-02-04,4.4924,4.2249,5.0777,4.0864
2025-02-05,4.4779,4.2059,5.0603,4.0426
2025-02-06,4.4861,4.2073,5.0468,4.0613
2025-02-07,4.4506,4.1898,5.0237,4.0321
2025-02-10,4.4545,4.1872,5.0312,4.0548
2025-02-11,4.4412,4.1783,5.0076,4.0497
2025-02-12,4.4166,4.1721,5.0055,4.0215
2025-02-13,4.4016,4.1652,4.9916,3.996
2025-02-14,4.4043,4.1632,4.9999,3.972
2025-02-17,4.4152,4.1635,5.0048,3.9749
2025-02-18,4.4124,4.1574,5.0074,3.9729
2025-02-19,4.4079,4.1582,5.0247,3.9875
2025-02-20,4.4313,4.1723,5.043,3.9974
2025-02-21,4.4313,4.1705,5.0393,3.9835
2025-02-24,4.4187,4.1609,5.0216,3.9734
2025-02-25,4.4041,4.1339,4.983,3.947
2025-02-26,4.4076,4.1394,4.9896,3.9434
2025-02-27,4.3965,4.1371,5.0031,3.9459
2025-02-28,4.4344,4.1575,5.0373,3.9993
2025-03-03,4.4528,4.1827,5.0656,4.0112
2025-03-04,4.4356,4.1568,5.0324,3.9543
2025-03-05,4.3787,4.1545,4.9787,3.8785
2025-03-06,4.3645,4.1766,4.9798,3.8674
2025-03-07,4.3762,4.176,4.9747,3.8448
2025-03-10,4.3977,4.1857,4.9797,3.8573
2025-03-11,4.3669,4.1977,4.9771,3.8481
2025-03-12,4.3568,4.2017,4.9795,3.8496
2025-03-13,4.3722,4.196,4.9982,3.8568
2025-03-14,4.3531,4.179,4.9786,3.8509
2025-03-17,4.3423,4.1777,4.9646,3.8329
2025-03-18,4.337,4.1776,4.96,3.8152
2025-03-19,4.38,4.1945,4.9914,3.8473
2025-03-20,4.3844,4.1972,5.0104,3.8675
2025-03-21,4.3911,4.1979,5.0148,3.8774
2025-03-24,4.3764,4.1832,5.0017,3.859
2025-03-25,4.3655,4.1664,4.9879,3.8578
2025-03-26,4.3696,4.1686,4.9843,3.8614
2025-03-27,4.4003,4.1913,5.0276,3.8913
2025-03-28,4.3976,4.1819,5.0266,3.8817
2025-03-31,4.3875,4.1839,5.002,3.8643
2025-04-01,4.38,4.1818,4.9968,3.8656
2025-04-02,4.3763,4.1794,5.0011,3.8707
2025-04-03,4.3827,4.1791,4.9962,3.7968
2025-04-04,4.5069,4.2403,5.0063,3.856
2025-04-07,4.5933,4.2975,5.0322,3.9097
2025-04-08,4.5702,4.2946,5.0077,3.927
2025-04-09,4.6068,4.2818,4.9797,3.8828
2025-04-10,4.5657,4.2644,4.9722,3.8637
2025-04-11,4.6249,4.2972,4.9297,3.7606
2025-04-14,4.5976,4.2776,4.9475,3.7564
2025-04-15,4.6257,4.2767,4.9871,3.7692
2025-04-16,4.6317,4.3033,5.0302,3.7851
2025-04-17,4.6144,4.2879,4.9891,3.7684
2025-04-18,4.5982,4.2823,4.9983,3.7661
2025-04-22,4.5919,4.2801,4.9824,3.722
2025-04-23,4.575,4.2893,5.0059,3.7583
2025-04-24,4.5484,4.2789,5.0011,3.7599
2025-04-25,4.5278,4.2688,5.0033,3.7611
2025-04-28,4.539,4.2766,5.0248,3.7701
2025-04-29,4.5404,4.2646,5.0231,3.7458
2025-04-30,4.5562,4.2778,5.0283,3.7617
2025-05-02,4.5654,4.275,5.0141,3.7722
2025-05-05,4.5764,4.276,5.0144,3.7752
2025-05-06,4.5855,4.2806,5.0319,3.7789
2025-05-07,4.5595,4.2757,5.0205,3.7642
2025-05-08,4.5762,4.2714,5.0199,3.784
2025-05-09,4.5389,4.2414,5.0002,3.7681
2025-05-12,4.5164,4.2337,5.0156,3.8011
2025-05-13,4.5564,4.2525,5.0556,3.8266
2025-05-14,4.5206,4.2455,5.0419,3.7775
2025-05-15,4.5184,4.2378,5.0238,3.7804
2025-05-16,4.531,4.2392,5.0371,3.7853
2025-05-19,4.5608,4.2785,5.0801,3.8004
2025-05-20,4.5376,4.2497,5.0483,3.7747
2025-05-21,4.5365,4.2403,5.0178,3.7452
2025-05-22,4.5456,4.2447,5.0334,3.7559
2025-05-23,4.5392,4.2541,5.0587,3.7506
2025-05-26,4.545,4.2514,5.0651,3.7344
2025-05-27,4.5369,4.2479,5.0664,3.743
2025-05-28,4.5306,4.2447,5.0601,3.7456
2025-05-29,4.53,4.2369,5.0593,3.7588
2025-05-30,4.5555,4.2507,5.0552,3.7537
2025-06-02,4.5592,4.2578,5.049,3.7282
2025-06-03,4.5718,4.2721,5.059,3.7437
2025-06-04,4.564,4.2778,5.0808,3.7525
2025-06-05,4.57,4.2791,5.0869,3.7495
2025-06-06,4.5696,4.2881,5.0867,3.7565
2025-06-09,4.5628,4.2772,5.0798,3.7427
2025-06-10,4.5486,4.2611,5.038,3.7352
2025-06-11,4.5382,4.2643,5.034,3.7306
2025-06-12,4.5333,4.2631,5.0098,3.6929
2025-06-13,4.5604,4.272,5.0247,3.7056
2025-06-16,4.5317,4.2612,4.9976,3.6804
2025-06-17,4.5527,4.275,5.0138,3.7005
2025-06-18,4.5446,4.2717,4.9964,3.7137
2025-06-20,4.5423,4.2709,5.0002,3.7067
2025-06-23,4.5495,4.2727,4.9918,3.7212
2025-06-24,4.5294,4.2604,4.9984,3.6753
2025-06-25,4.5427,4.2479,4.9843,3.659
2025-06-26,4.5306,4.2479,4.9805,3.6222
2025-06-27,4.5307,4.2362,4.9721,3.6177
2025-06-30,4.5336,4.2419,4.9546,3.6164
2025-07-01,4.5495,4.2415,4.9487,3.593
2025-07-02,4.554,4.25,4.945,3.609
2025-07-03,4.563,4.2634,4.9376,3.6137
2025-07-04,4.551,4.2515,4.9339,3.6108
2025-07-07,4.55,4.2524,4.9258,3.6269
2025-07-08,4.537,4.2455,4.9189,3.6135
2025-07-09,4.5451,4.2399,4.9232,3.6198
2025-07-10,4.5535,4.2464,4.9265,3.6209
2025-07-11,4.5695,4.2563,4.9314,3.6432
2025-07-14,4.576,4.2614,4.9151,3.6475
2025-07-15,4.5732,4.2538,4.8942,3.6396
2025-07-16,4.5719,4.2585,4.9055,3.6631
2025-07-17,4.5662,4.2559,4.9195,3.6686
2025-07-18,4.5537,4.2509,4.9089,3.6535
2025-07-21,4.5554,4.2445,4.9041,3.6455
2025-07-22,4.5612,4.2531,4.9044,3.6353
2025-07-23,4.5746,4.2544,4.9102,3.626
2025-07-24,4.5543,4.2514,4.8974,3.6158
2025-07-25,4.5514,4.2544,4.8772,3.6228
2025-07-28,4.5607,4.2565,4.8911,3.6446
2025-07-29,4.588,4.2737,4.9284,3.6941
2025-07-30,4.5958,4.2732,4.943,3.6981
2025-07-31,4.5838,4.2661,4.9362,3.7257
2025-08-01,4.5937,4.2813,4.9398,3.7536
2025-08-04,4.57,4.2734,4.9091,3.6977
2025-08-05,4.5702,4.2763,4.9226,3.7066
2025-08-06,4.5733,4.282,4.9142,3.6994
2025-08-07,4.5249,4.2618,4.877,3.6477
2025-08-08,4.5237,4.2566,4.9141,3.6577
2025-08-11,4.5145,4.2533,4.9137,3.6495
2025-08-12,4.5311,4.2626,4.9427,3.6702
2025-08-13,4.5249,4.2586,4.9281,3.6353
2025-08-14,4.5296,4.2639,4.9592,3.6542
2025-08-18,4.5135,4.2558,4.9354,3.6434
2025-08-19,4.5077,4.242,4.9123,3.6332
2025-08-20,4.5226,4.2524,4.9329,3.654
2025-08-21,4.5307,4.2521,4.9123,3.6483
2025-08-22,4.5452,4.267,4.9341,3.6786
2025-08-25,4.5416,4.2627,4.918,3.6421
2025-08-26,4.5511,4.2657,4.9432,3.6716
2025-08-27,4.5623,4.2639,4.9468,3.6793
2025-08-28,4.5753,4.2681,4.9485,3.6658
2025-08-29,4.5659,4.2684,4.9269,3.6559
2025-09-01,4.542,4.2574,4.9108,3.6278
2025-09-02,4.5541,4.2651,4.9129,3.6626
2025-09-03,4.5436,4.2589,4.8987,3.6538
2025-09-04,4.5378,4.2553,4.9112,3.6501
2025-09-05,4.5257,4.2476,4.8975,3.6357
2025-09-08,4.5498,4.2484,4.8936,3.6214
2025-09-09,4.5614,4.254,4.91,3.6173
2025-09-10,4.5659,4.2604,4.9259,3.6414
2025-09-11,4.5611,4.2626,4.9276,3.6459
2025-09-12,4.5588,4.2593,4.9192,3.635
2025-09-15,4.5458,4.2476,4.9148,3.6188
2025-09-16,4.5486,4.2504,4.9095,3.6034
2025-09-17,4.5647,4.2559,4.8994,3.5919
2025-09-18,4.5601,4.2564,4.9085,3.5986
2025-09-19,4.5617,4.2666,4.8974,3.6278
2025-09-22,4.5651,4.2645,4.8933,3.6255
2025-09-23,4.5527,4.2552,4.8686,3.605
2025-09-24,4.566,4.2676,4.8879,3.6254
2025-09-25,4.5604,4.2619,4.8825,3.6295
2025-09-26,4.5705,4.2668,4.8819,3.6528
2025-09-29,4.5739,4.2688,4.892,3.6411
2025-09-30,4.5616,4.2692,4.883,3.6315
2025-10-01,4.5542,4.2586,4.8812,3.6245
2025-10-02,4.5475,4.256,4.89,3.621
2025-10-03,4.5527,4.2559,4.8784,3.6253
